id,title,score,num_comments,author,created_utc,url,over_18,edited,spoiler,stickied
1cxyvqk,Airflow vs Dagster vs Prefect vs ?,61,74,Suspicious_Dress_350,2024-05-22 12:20:28,https://www.reddit.com/r/dataengineering/comments/1cxyvqk/airflow_vs_dagster_vs_prefect_vs/,False,False,False,False
1cxxw4j,The State of Data Engineering 2024,31,14,cowjam716,2024-05-22 11:26:25,https://lakefs.io/blog/the-state-of-data-engineering-2024/,False,False,False,False
1cy1rue,Can someone explain why they named the product  Pentaho?,17,20,AmaryllisBulb,2024-05-22 14:36:06,https://www.reddit.com/r/dataengineering/comments/1cy1rue/can_someone_explain_why_they_named_the_product/,False,False,False,False
1cy3r5d,Have I hit my career plateau?,13,18,Emanon-92,2024-05-22 15:58:24,https://www.reddit.com/r/dataengineering/comments/1cy3r5d/have_i_hit_my_career_plateau/,False,False,False,False
1cxwoow,5 Effective Ways to Load Data in Snowflake: Find the Best,14,5,ivanovyordan,2024-05-22 10:08:55,https://open.substack.com/pub/datagibberish/p/5-ways-to-load-data-in-snowflake?r=odlo3&utm_campaign=post&utm_medium=web&showWelcomeOnShare=true,False,False,False,False
1cxrmvq,why query tuning is required.?,15,11,Aspiring_DE,2024-05-22 04:20:14,https://www.reddit.com/r/dataengineering/comments/1cxrmvq/why_query_tuning_is_required/,False,False,False,False
1cya2ch,"First project update: complete, few questions. Please be critical. ",12,8,pm_me_data_wisdom,2024-05-22 20:12:24,https://i.redd.it/xg4vqcffc12d1.png,False,False,False,False
1cyaqox,What Airflow does that a simple python script cannot do?,10,14,ubiond,2024-05-22 20:41:41,https://www.reddit.com/r/dataengineering/comments/1cyaqox/what_airflow_does_that_a_simple_python_script/,False,False,False,False
1cxzn5h,Best practices: incremental flat file sources with overlapping extract date windows,12,12,geo-dude,2024-05-22 12:59:58,https://www.reddit.com/r/dataengineering/comments/1cxzn5h/best_practices_incremental_flat_file_sources_with/,False,False,False,False
1cxtxz2,"What are the tradeoffs/benefits, if I store tabular data as columnar files (parquet, delta) and query the data using a Synapse Pool (with openrowset Views) instead of directly loading the data into a DWH such as Snowflake?",11,9,xSyndicate58,2024-05-22 06:49:31,https://www.reddit.com/r/dataengineering/comments/1cxtxz2/what_are_the_tradeoffsbenefits_if_i_store_tabular/,False,False,False,False
1cy07d6,10 GitHub Repositories to Master Data Engineering,8,0,kingabzpro,2024-05-22 13:26:40,https://www.kdnuggets.com/10-github-repositories-to-master-data-engineering,False,False,False,False
1cyihf8,"termpandas: scrollable pandas dataframes in the terminal. https://github.com/juan-esteban-berger/termpandas didn't find any tool like this so I decided to code one up myself, sharing it here in case somone else finds it useful, install using pip install termpandas",7,1,juan_berger,2024-05-23 02:47:49,https://i.redd.it/tkdc2xcua32d1.gif,False,False,False,False
1cy59k9,"Is there a ""correct"" way to convert a Pandas Function to Polars?",8,3,Scalar_Mikeman,2024-05-22 16:59:15,https://www.reddit.com/r/dataengineering/comments/1cy59k9/is_there_a_correct_way_to_convert_a_pandas/,False,False,False,False
1cy40vk,Opinions on AWS Managed Airflow,6,20,tylerriccio8,2024-05-22 16:08:55,https://www.reddit.com/r/dataengineering/comments/1cy40vk/opinions_on_aws_managed_airflow/,False,False,False,False
1cy3g73,"Favorite Storage Solution? (Hadoop, S3, ADLS, Minio, Etc.)",7,4,AMDataLake,2024-05-22 15:46:09,https://www.reddit.com/r/dataengineering/comments/1cy3g73/favorite_storage_solution_hadoop_s3_adls_minio_etc/,False,False,False,False
1cyaqz4,I have thousands of photos and I need to apply a filter to all of them. What tool to orchestrate this job?,5,4,VcSv,2024-05-22 20:42:02,https://www.reddit.com/r/dataengineering/comments/1cyaqz4/i_have_thousands_of_photos_and_i_need_to_apply_a/,False,False,False,False
1cy5un6,How did you become a Data Engineer?,4,3,AMDataLake,2024-05-22 17:22:30,https://www.reddit.com/r/dataengineering/comments/1cy5un6/how_did_you_become_a_data_engineer/,False,False,False,False
1cy0swc,AWS Glue hands on ,4,1,sidy66,2024-05-22 13:53:43,https://www.reddit.com/r/dataengineering/comments/1cy0swc/aws_glue_hands_on/,False,False,False,False
1cxwwq3,What to do with all the important spreadsheets?,4,3,konwiddak,2024-05-22 10:24:11,https://www.reddit.com/r/dataengineering/comments/1cxwwq3/what_to_do_with_all_the_important_spreadsheets/,False,False,False,False
1cxw8vc,Vector Search - HNSW Explained,3,1,Personal-Trainer-541,2024-05-22 09:39:01,https://www.reddit.com/r/dataengineering/comments/1cxw8vc/vector_search_hnsw_explained/,False,False,False,False
1cxtowb,Calculating computes required to run Spark jobs,3,2,losslessman-mp3,2024-05-22 06:32:07,https://www.reddit.com/r/dataengineering/comments/1cxtowb/calculating_computes_required_to_run_spark_jobs/,False,False,False,False
1cyfp7l,Replacing AWS DMS,2,1,SelectTraffic1104,2024-05-23 00:23:15,https://www.reddit.com/r/dataengineering/comments/1cyfp7l/replacing_aws_dms/,False,False,False,False
1cy9zr6,Basketball club name changes: star schema,2,1,Thauma-jpg,2024-05-22 20:09:29,https://www.reddit.com/r/dataengineering/comments/1cy9zr6/basketball_club_name_changes_star_schema/,False,False,False,False
1cxzb83,Storytelling (not Showing Off) With Data,2,0,sbalnojan,2024-05-22 12:43:20,https://www.thdpth.com/p/you-should-be-storytelling-not-just,False,False,False,False
1cxx62y,Seeking Advice on Learning ETL,2,5,letswai,2024-05-22 10:41:19,https://www.reddit.com/r/dataengineering/comments/1cxx62y/seeking_advice_on_learning_etl/,False,False,False,False
1cyjok7,THE Best Best Practices and Their Impact on Your Organization,1,0,priyasweety1,2024-05-23 03:54:14,https://www.reddit.com/r/dataengineering/comments/1cyjok7/the_best_best_practices_and_their_impact_on_your/,False,False,False,False
1cy9b22,Data Mesh caveat?,1,2,scataco,2024-05-22 19:41:53,https://www.reddit.com/r/dataengineering/comments/1cy9b22/data_mesh_caveat/,False,False,False,False
1cy6uli,Real-time feature engineering,1,0,mww09,2024-05-22 18:03:14,https://www.feldera.com/blog/feature-engineering-part2/,False,False,False,False
1cy68ow,Seeking Advice on Implementing Version Control for Snowflake Views,1,4,djurisic_luka,2024-05-22 17:38:28,https://www.reddit.com/r/dataengineering/comments/1cy68ow/seeking_advice_on_implementing_version_control/,False,False,False,False
1cy2s4w,How to integrate pre-commit hooks in dev workflow? And with Azure DevOps?,1,0,imperialka,2024-05-22 15:18:23,https://www.reddit.com/r/dataengineering/comments/1cy2s4w/how_to_integrate_precommit_hooks_in_dev_workflow/,False,False,False,False
1cxwao9,Databricks meets Kedro,1,2,wapsi123,2024-05-22 09:42:35,https://www.reddit.com/r/dataengineering/comments/1cxwao9/databricks_meets_kedro/,False,False,False,False
1cxtv3x,Major data center power failure (again): Cloudflare Code Orange tested,1,0,cowjam716,2024-05-22 06:43:57,https://blog.cloudflare.com/major-data-center-power-failure-again-cloudflare-code-orange-tested,False,False,False,False
1cy70rd,Manually run dbt build in production?,0,3,FragrantData8875,2024-05-22 18:10:04,https://www.reddit.com/r/dataengineering/comments/1cy70rd/manually_run_dbt_build_in_production/,False,False,False,False
